{
  "timestamp": "2026-06-30 16:09:23.026947",
  "config": {
    "fetcher_config": {
      "fetcher": "FetcherType.SHAREGPT",
      "data_path": "data/sharegpt_real.json",
      "second_data_path": null,
      "category": null,
      "min_messages": 2,
      "max_messages": 6
    },
    "analyzer_config": {
      "analyzer": "AnalyzerType.SIMILARITY",
      "analyze_window": 10
    },
    "agent_configs": [
      {
        "provider": "Provider.OLLAMA_COMPANY",
        "model": "OllamaCompanyModels.QWEN_2_5_7B",
        "system_prompt": "You are a helpful assistant in a conversation. Reply in at most 3 sentences, and always finish your final sentence.",
        "temperature": 0.7,
        "max_tokens": 150,
        "frequency_penalty": 0.0,
        "presence_penalty": 0.0,
        "top_p": 1.0,
        "seed": null
      }
    ],
    "agent_selection_method": "AgentSelectionMethod.ROUND_ROBIN",
    "max_iterations": 120,
    "max_total_characters": 1000000,
    "history_window": 1,
    "output_dir": "results/grid",
    "injection_config": null
  },
  "num_iterations_total": 120,
  "num_fetcher_messages": 2,
  "total_characters": 51222,
  "collapse_onset_round": 10,
  "collapse_rate": -0.0008107683875343991,
  "collapse_onsets": [
    10
  ],
  "injection": null,
  "injections": [],
  "recovery": {
    "recovered": false,
    "recovery_round": null,
    "hold_length": 0,
    "post_injection_distances": [
      0.16643738746643066,
      0.23561817407608032,
      0.24230730533599854,
      0.23405271768569946,
      0.2853320240974426,
      0.28958630561828613,
      0.29005712270736694,
      0.2760958671569824,
      0.25730782747268677,
      0.2559725046157837,
      0.2784152030944824,
      0.2619229555130005,
      0.27988481521606445,
      0.30371081829071045,
      0.29353976249694824,
      0.3099253177642822,
      0.3099253177642822,
      0.30460554361343384,
      0.30460554361343384,
      0.30460554361343384,
      0.30460554361343384,
      0.30460554361343384,
      0.30460554361343384,
      0.30460554361343384,
      0.304568886756897,
      0.33965086936950684,
      0.3188154697418213,
      0.34038984775543213,
      0.3490360975265503,
      0.3490360975265503,
      0.3490360975265503,
      0.33654630184173584,
      0.32176923751831055,
      0.3046724796295166,
      0.2968958020210266,
      0.32897305488586426,
      0.32897305488586426,
      0.32141685485839844,
      0.3297768831253052,
      0.3299616575241089,
      0.32047194242477417,
      0.3299616575241089,
      0.3138219118118286,
      0.32488924264907837,
      0.33024972677230835,
      0.3389926552772522,
      0.3246009349822998,
      0.3409003019332886,
      0.32747751474380493,
      0.3409003019332886,
      0.3258481025695801,
      0.31593406200408936,
      0.3258481025695801,
      0.32395023107528687,
      0.3258481025695801,
      0.33974015712738037,
      0.3246631622314453,
      0.3387451171875,
      0.3221029043197632,
      0.33212530612945557,
      0.3153822422027588,
      0.3251529932022095,
      0.3260897397994995,
      0.3233972191810608,
      0.3190798759460449,
      0.3091031312942505,
      0.31983423233032227,
      0.3139326572418213,
      0.3097788095474243,
      0.31427323818206787,
      0.3455653190612793,
      0.3262248635292053,
      0.3063582181930542,
      0.3241974115371704,
      0.2910803556442261,
      0.31424909830093384,
      0.3124680519104004,
      0.31865859031677246,
      0.31363266706466675,
      0.33556032180786133,
      0.3280829191207886,
      0.3261014223098755,
      0.32218343019485474,
      0.32591521739959717,
      0.3205094337463379,
      0.34231436252593994,
      0.3642624616622925,
      0.3193490505218506,
      0.32035720348358154,
      0.3418229818344116,
      0.33095741271972656,
      0.34175801277160645,
      0.33095741271972656,
      0.34175801277160645,
      0.33095741271972656,
      0.31236302852630615,
      0.31141889095306396,
      0.3145110607147217,
      0.31400543451309204,
      0.3127588629722595,
      0.3164498805999756,
      0.30331671237945557,
      0.34152036905288696,
      0.3469564914703369,
      0.3429044485092163,
      0.34672534465789795,
      0.32740354537963867
    ]
  }
}