{
  "timestamp": "2026-06-30 15:12:20.591645",
  "config": {
    "fetcher_config": {
      "fetcher": "FetcherType.SHAREGPT",
      "data_path": "data/sharegpt_real.json",
      "second_data_path": null,
      "category": null,
      "min_messages": 2,
      "max_messages": 6
    },
    "analyzer_config": {
      "analyzer": "AnalyzerType.SIMILARITY",
      "analyze_window": 10
    },
    "agent_configs": [
      {
        "provider": "Provider.OLLAMA_COMPANY",
        "model": "OllamaCompanyModels.QWEN_2_5_7B",
        "system_prompt": "You are a helpful assistant in a conversation. Reply in at most 3 sentences, and always finish your final sentence.",
        "temperature": 0.7,
        "max_tokens": 150,
        "frequency_penalty": 0.0,
        "presence_penalty": 0.0,
        "top_p": 1.0,
        "seed": null
      }
    ],
    "agent_selection_method": "AgentSelectionMethod.ROUND_ROBIN",
    "max_iterations": 120,
    "max_total_characters": 1000000,
    "history_window": 1,
    "output_dir": "results/grid",
    "injection_config": null
  },
  "num_iterations_total": 120,
  "num_fetcher_messages": 5,
  "total_characters": 49558,
  "collapse_onset_round": 10,
  "collapse_rate": 0.004976248741149932,
  "collapse_onsets": [
    10
  ],
  "injection": null,
  "injections": [],
  "recovery": {
    "recovered": false,
    "recovery_round": null,
    "hold_length": 0,
    "post_injection_distances": [
      0.030214548110961914,
      0.03468388319015503,
      0.039380788803100586,
      0.037964820861816406,
      0.04407048225402832,
      0.039992332458496094,
      0.040166378021240234,
      0.040166378021240234,
      0.03829127550125122,
      0.03829127550125122,
      0.03829127550125122,
      0.03829127550125122,
      0.040166378021240234,
      0.03829127550125122,
      0.04252266883850098,
      0.05127209424972534,
      0.05049842596054077,
      0.07306432723999023,
      0.06346666812896729,
      0.06487560272216797,
      0.06487560272216797,
      0.06354624032974243,
      0.0643836259841919,
      0.0704883337020874,
      0.06958961486816406,
      0.07217293977737427,
      0.07037991285324097,
      0.06767481565475464,
      0.0812332034111023,
      0.06168842315673828,
      0.06168842315673828,
      0.06168842315673828,
      0.06168842315673828,
      0.06168842315673828,
      0.06168842315673828,
      0.06168842315673828,
      0.06229579448699951,
      0.06564432382583618,
      0.06564432382583618,
      0.06564432382583618,
      0.06821602582931519,
      0.06557947397232056,
      0.07456767559051514,
      0.07529056072235107,
      0.07529056072235107,
      0.07529056072235107,
      0.09437286853790283,
      0.07529056072235107,
      0.07396519184112549,
      0.07396519184112549,
      0.07470357418060303,
      0.07473671436309814,
      0.07470357418060303,
      0.07529056072235107,
      0.07529056072235107,
      0.07529056072235107,
      0.07529056072235107,
      0.07396519184112549,
      0.07470357418060303,
      0.07529056072235107,
      0.07396519184112549,
      0.07529056072235107,
      0.07409948110580444,
      0.07409948110580444,
      0.07351881265640259,
      0.07169663906097412,
      0.07419729232788086,
      0.0731576681137085,
      0.07419729232788086,
      0.09043073654174805,
      0.0885971188545227,
      0.0841713547706604,
      0.06835567951202393,
      0.06832581758499146,
      0.06832581758499146,
      0.06832581758499146,
      0.06832581758499146,
      0.07397323846817017,
      0.07397323846817017,
      0.07743406295776367,
      0.07432049512863159,
      0.07432049512863159,
      0.07743406295776367,
      0.09312283992767334,
      0.08700841665267944,
      0.0827832818031311,
      0.07705259323120117,
      0.07507163286209106,
      0.07507163286209106,
      0.10636043548583984,
      0.08631879091262817,
      0.08495092391967773,
      0.08281874656677246,
      0.08281874656677246,
      0.08281874656677246,
      0.08692121505737305,
      0.0731201171875,
      0.0731201171875,
      0.0731201171875,
      0.0731201171875,
      0.0731201171875,
      0.0731201171875,
      0.0731201171875,
      0.0731201171875
    ]
  }
}