{
  "timestamp": "2026-06-30 15:40:23.758910",
  "config": {
    "fetcher_config": {
      "fetcher": "FetcherType.SHAREGPT",
      "data_path": "data/sharegpt_real.json",
      "second_data_path": null,
      "category": null,
      "min_messages": 2,
      "max_messages": 6
    },
    "analyzer_config": {
      "analyzer": "AnalyzerType.SIMILARITY",
      "analyze_window": 10
    },
    "agent_configs": [
      {
        "provider": "Provider.OLLAMA_COMPANY",
        "model": "OllamaCompanyModels.QWEN_2_5_7B",
        "system_prompt": "You are a helpful assistant in a conversation. Reply in at most 3 sentences, and always finish your final sentence.",
        "temperature": 0.7,
        "max_tokens": 150,
        "frequency_penalty": 0.0,
        "presence_penalty": 0.0,
        "top_p": 1.0,
        "seed": null
      }
    ],
    "agent_selection_method": "AgentSelectionMethod.ROUND_ROBIN",
    "max_iterations": 120,
    "max_total_characters": 1000000,
    "history_window": 1,
    "output_dir": "results/grid",
    "injection_config": null
  },
  "num_iterations_total": 120,
  "num_fetcher_messages": 4,
  "total_characters": 48633,
  "collapse_onset_round": 10,
  "collapse_rate": 0.00940091609954835,
  "collapse_onsets": [
    10
  ],
  "injection": null,
  "injections": [],
  "recovery": {
    "recovered": false,
    "recovery_round": null,
    "hold_length": 0,
    "post_injection_distances": [
      0.04346436262130737,
      0.04388582706451416,
      0.04388582706451416,
      0.05337810516357422,
      0.05337810516357422,
      0.05337810516357422,
      0.05337810516357422,
      0.05215895175933838,
      0.05243122577667236,
      0.05243122577667236,
      0.04987049102783203,
      0.04987049102783203,
      0.04987049102783203,
      0.05631917715072632,
      0.061239004135131836,
      0.05613070726394653,
      0.06496334075927734,
      0.07059335708618164,
      0.05832880735397339,
      0.05832880735397339,
      0.059473395347595215,
      0.06188678741455078,
      0.06188678741455078,
      0.06188678741455078,
      0.06188678741455078,
      0.06188678741455078,
      0.06188678741455078,
      0.06188678741455078,
      0.06188678741455078,
      0.06188678741455078,
      0.06188678741455078,
      0.06188678741455078,
      0.06188678741455078,
      0.06188678741455078,
      0.06188678741455078,
      0.06188678741455078,
      0.06188678741455078,
      0.06188678741455078,
      0.06188678741455078,
      0.06188678741455078,
      0.06188678741455078,
      0.06188678741455078,
      0.06188678741455078,
      0.06188678741455078,
      0.06188678741455078,
      0.06188678741455078,
      0.06161230802536011,
      0.06161230802536011,
      0.06161230802536011,
      0.06161230802536011,
      0.06161230802536011,
      0.06161230802536011,
      0.06161230802536011,
      0.06161230802536011,
      0.06161230802536011,
      0.06161230802536011,
      0.06161230802536011,
      0.06161230802536011,
      0.06161230802536011,
      0.06161230802536011,
      0.06161230802536011,
      0.06161230802536011,
      0.06161230802536011,
      0.06161230802536011,
      0.06161230802536011,
      0.06161230802536011,
      0.06161230802536011,
      0.06161230802536011,
      0.06161230802536011,
      0.06161230802536011,
      0.06161230802536011,
      0.06161230802536011,
      0.06161230802536011,
      0.06161230802536011,
      0.06161230802536011,
      0.06161230802536011,
      0.06161230802536011,
      0.06161230802536011,
      0.06161230802536011,
      0.06161230802536011,
      0.06161230802536011,
      0.07399630546569824,
      0.07691121101379395,
      0.07691121101379395,
      0.07803642749786377,
      0.07803642749786377,
      0.07803642749786377,
      0.07803642749786377,
      0.07803642749786377,
      0.07803642749786377,
      0.08044224977493286,
      0.1402217149734497,
      0.1500406265258789,
      0.16221803426742554,
      0.1819615364074707,
      0.1931193470954895,
      0.19426101446151733,
      0.16695702075958252,
      0.2066616415977478,
      0.1918175220489502,
      0.2617863416671753,
      0.2558194398880005,
      0.2599560022354126,
      0.2364351749420166,
      0.2595405578613281
    ]
  }
}