{
 "auc": 1.0,
 "mean_p_pos": 5.598762388888308e-09,
 "mean_p_neg": 5.086415624069994e-11,
 "fire_rate_pos@0.5": 0.0,
 "fire_rate_neg@0.5": 0.0,
 "spam": "0/20",
 "ppl_tuned": 13.115435600280762,
 "ppl_base": 13.871111869812012
}